manufacturer,catalog,component_type,part_number_series,nominal_size,description,specific_length,catalog_bore_min,catalog_bore_max,sct_bore_min,sct_bore_max,sct_bore_note,clamping_type,clamping_quantity,clamping_screw_size,clamping_bolt_circle
Danly,Inch,Guide Post,5-0412,0.500,"Demountable / Plain Bearing - 3"" Length",3,0.8123,0.813,0.813,0.8137,SCT Override: Shifted by spread (0.0007),N/A,,,
Danly,Inch,Guide Post,5-0413,0.500,"Demountable / Plain Bearing - 3.25"" Length",3.25,0.8123,0.813,0.813,0.8137,SCT Override: Shifted by spread (0.0007),N/A,,,
Danly,Inch,Guide Post,5-0414,0.500,"Demountable / Plain Bearing - 3.5"" Length",3.5,0.8123,0.813,0.813,0.8137,SCT Override: Shifted by spread (0.0007),N/A,,,
Danly,Inch,Guide Post,5-0415,0.500,"Demountable / Plain Bearing - 3.75"" Length",3.75,0.8123,0.813,0.813,0.8137,SCT Override: Shifted by spread (0.0007),N/A,,,
Danly,Inch,Guide Post,5-0416,0.500,"Demountable / Plain Bearing - 4"" Length",4,0.8123,0.813,0.813,0.8137,SCT Override: Shifted by spread (0.0007),N/A,,,
Danly,Inch,Guide Post,5-0417,0.500,"Demountable / Plain Bearing - 4.25"" Length",4.25,0.8123,0.813,0.813,0.8137,SCT Override: Shifted by spread (0.0007),N/A,,,
Danly,Inch,Guide Post,5-0418,0.500,"Demountable / Plain Bearing - 4.5"" Length",4.5,0.8123,0.813,0.813,0.8137,SCT Override: Shifted by spread (0.0007),N/A,,,
Danly,Inch,Guide Post,5-0419,0.500,"Demountable / Plain Bearing - 4.75"" Length",4.75,0.8123,0.813,0.813,0.8137,SCT Override: Shifted by spread (0.0007),N/A,,,
Danly,Inch,Guide Post,5-0420,0.500,"Demountable / Plain Bearing - 5"" Length",5,0.8123,0.813,0.813,0.8137,SCT Override: Shifted by spread (0.0007),N/A,,,
Danly,Inch,Guide Post,5-0421,0.500,"Demountable / Plain Bearing - 5.25"" Length",5.25,0.8123,0.813,0.813,0.8137,SCT Override: Shifted by spread (0.0007),N/A,,,
Danly,Inch,Guide Post,5-0422,0.500,"Demountable / Plain Bearing - 5.5"" Length",5.5,0.8123,0.813,0.813,0.8137,SCT Override: Shifted by spread (0.0007),N/A,,,
Danly,Inch,Guide Post,5-0423,0.500,"Demountable / Plain Bearing - 5.75"" Length",5.75,0.8123,0.813,0.813,0.8137,SCT Override: Shifted by spread (0.0007),N/A,,,
Danly,Inch,Guide Post,5-0424,0.500,"Demountable / Plain Bearing - 6"" Length",6,0.8123,0.813,0.813,0.8137,SCT Override: Shifted by spread (0.0007),N/A,,,
Danly,Inch,Guide Post,5-0425,0.500,"Demountable / Plain Bearing - 6.25"" Length",6.25,0.8123,0.813,0.813,0.8137,SCT Override: Shifted by spread (0.0007),N/A,,,
Danly,Inch,Guide Post,5-0426,0.500,"Demountable / Plain Bearing - 6.5"" Length",6.5,0.8123,0.813,0.813,0.8137,SCT Override: Shifted by spread (0.0007),N/A,,,
Danly,Inch,Guide Post,5-0427,0.500,"Demountable / Plain Bearing - 6.75"" Length",6.75,0.8123,0.813,0.813,0.8137,SCT Override: Shifted by spread (0.0007),N/A,,,
Danly,Inch,Guide Post,5-0428,0.500,"Demountable / Plain Bearing - 7"" Length",7,0.8123,0.813,0.813,0.8137,SCT Override: Shifted by spread (0.0007),N/A,,,
Danly,Inch,Guide Post,5-0429,0.500,"Demountable / Plain Bearing - 7.25"" Length",7.25,0.8123,0.813,0.813,0.8137,SCT Override: Shifted by spread (0.0007),N/A,,,
Danly,Inch,Guide Post,5-0430,0.500,"Demountable / Plain Bearing - 7.5"" Length",7.5,0.8123,0.813,0.813,0.8137,SCT Override: Shifted by spread (0.0007),N/A,,,
Danly,Inch,Guide Post,5-0431,0.500,"Demountable / Plain Bearing - 7.75"" Length",7.75,0.8123,0.813,0.813,0.8137,SCT Override: Shifted by spread (0.0007),N/A,,,
Danly,Inch,Guide Post,5-0432,0.500,"Demountable / Plain Bearing - 8"" Length",8,0.8123,0.813,0.813,0.8137,SCT Override: Shifted by spread (0.0007),N/A,,,
Danly,Inch,Guide Post,5-0433,0.500,"Demountable / Plain Bearing - 8.25"" Length",8.25,0.8123,0.813,0.813,0.8137,SCT Override: Shifted by spread (0.0007),N/A,,,
Danly,Inch,Guide Post,5-0434,0.500,"Demountable / Plain Bearing - 8.5"" Length",8.5,0.8123,0.813,0.813,0.8137,SCT Override: Shifted by spread (0.0007),N/A,,,
Danly,Inch,Guide Post,5-0435,0.500,"Demountable / Plain Bearing - 8.75"" Length",8.75,0.8123,0.813,0.813,0.8137,SCT Override: Shifted by spread (0.0007),N/A,,,
Danly,Inch,Guide Post,5-0436,0.500,"Demountable / Plain Bearing - 9"" Length",9,0.8123,0.813,0.813,0.8137,SCT Override: Shifted by spread (0.0007),N/A,,,
Danly,Inch,Guide Post,5-0437,0.500,"Demountable / Plain Bearing - 9.25"" Length",9.25,0.8123,0.813,0.813,0.8137,SCT Override: Shifted by spread (0.0007),N/A,,,
Danly,Inch,Guide Post,5-0438,0.500,"Demountable / Plain Bearing - 9.5"" Length",9.5,0.8123,0.813,0.813,0.8137,SCT Override: Shifted by spread (0.0007),N/A,,,
Danly,Inch,Guide Post,5-0439,0.500,"Demountable / Plain Bearing - 9.75"" Length",9.75,0.8123,0.813,0.813,0.8137,SCT Override: Shifted by spread (0.0007),N/A,,,
Danly,Inch,Guide Post,5-0440,0.500,"Demountable / Plain Bearing - 10"" Length",10,0.8123,0.813,0.813,0.8137,SCT Override: Shifted by spread (0.0007),N/A,,,
Danly,Inch,Guide Post,5-0441,0.500,"Demountable / Plain Bearing - 10.25"" Length",10.25,0.8123,0.813,0.813,0.8137,SCT Override: Shifted by spread (0.0007),N/A,,,
Danly,Inch,Guide Post,5-0442,0.500,"Demountable / Plain Bearing - 10.5"" Length",10.5,0.8123,0.813,0.813,0.8137,SCT Override: Shifted by spread (0.0007),N/A,,,
Danly,Inch,Guide Post,5-0443,0.500,"Demountable / Plain Bearing - 10.75"" Length",10.75,0.8123,0.813,0.813,0.8137,SCT Override: Shifted by spread (0.0007),N/A,,,
Danly,Inch,Guide Post,5-0444,0.500,"Demountable / Plain Bearing - 11"" Length",11,0.8123,0.813,0.813,0.8137,SCT Override: Shifted by spread (0.0007),N/A,,,
Danly,Inch,Guide Post,5-0445,0.500,"Demountable / Plain Bearing - 11.25"" Length",11.25,0.8123,0.813,0.813,0.8137,SCT Override: Shifted by spread (0.0007),N/A,,,
Danly,Inch,Guide Post,5-0446,0.500,"Demountable / Plain Bearing - 11.5"" Length",11.5,0.8123,0.813,0.813,0.8137,SCT Override: Shifted by spread (0.0007),N/A,,,
Danly,Inch,Guide Post,5-0447,0.500,"Demountable / Plain Bearing - 11.75"" Length",11.75,0.8123,0.813,0.813,0.8137,SCT Override: Shifted by spread (0.0007),N/A,,,
Danly,Inch,Guide Post,5-0448,0.500,"Demountable / Plain Bearing - 12"" Length",12,0.8123,0.813,0.813,0.8137,SCT Override: Shifted by spread (0.0007),N/A,,,
Danly,Inch,Guide Post,5-0449,0.500,"Demountable / Plain Bearing - 12.25"" Length",12.25,0.8123,0.813,0.813,0.8137,SCT Override: Shifted by spread (0.0007),N/A,,,
Danly,Inch,Guide Post,5-0450,0.500,"Demountable / Plain Bearing - 12.5"" Length",12.5,0.8123,0.813,0.813,0.8137,SCT Override: Shifted by spread (0.0007),N/A,,,
Danly,Inch,Guide Post,5-0451,0.500,"Demountable / Plain Bearing - 12.75"" Length",12.75,0.8123,0.813,0.813,0.8137,SCT Override: Shifted by spread (0.0007),N/A,,,
Danly,Inch,Guide Post,5-0452,0.500,"Demountable / Plain Bearing - 13"" Length",13,0.8123,0.813,0.813,0.8137,SCT Override: Shifted by spread (0.0007),N/A,,,
Danly,Inch,Guide Post,5-0453,0.500,"Demountable / Plain Bearing - 13.25"" Length",13.25,0.8123,0.813,0.813,0.8137,SCT Override: Shifted by spread (0.0007),N/A,,,
Danly,Inch,Guide Post,5-0454,0.500,"Demountable / Plain Bearing - 13.5"" Length",13.5,0.8123,0.813,0.813,0.8137,SCT Override: Shifted by spread (0.0007),N/A,,,
Danly,Inch,Guide Post,5-0455,0.500,"Demountable / Plain Bearing - 13.75"" Length",13.75,0.8123,0.813,0.813,0.8137,SCT Override: Shifted by spread (0.0007),N/A,,,
Danly,Inch,Guide Post,5-0456,0.500,"Demountable / Plain Bearing - 14"" Length",14,0.8123,0.813,0.813,0.8137,SCT Override: Shifted by spread (0.0007),N/A,,,
Danly,Inch,Guide Post,5-0512,0.625,"Demountable / Plain Bearing - 3"" Length",3,0.9998,1.0005,1.0005,1.0012,SCT Override: Shifted by spread (0.0007),N/A,,,
Danly,Inch,Guide Post,5-0513,0.625,"Demountable / Plain Bearing - 3.25"" Length",3.25,0.9998,1.0005,1.0005,1.0012,SCT Override: Shifted by spread (0.0007),N/A,,,
Danly,Inch,Guide Post,5-0514,0.625,"Demountable / Plain Bearing - 3.5"" Length",3.5,0.9998,1.0005,1.0005,1.0012,SCT Override: Shifted by spread (0.0007),N/A,,,
Danly,Inch,Guide Post,5-0515,0.625,"Demountable / Plain Bearing - 3.75"" Length",3.75,0.9998,1.0005,1.0005,1.0012,SCT Override: Shifted by spread (0.0007),N/A,,,
Danly,Inch,Guide Post,5-0516,0.625,"Demountable / Plain Bearing - 4"" Length",4,0.9998,1.0005,1.0005,1.0012,SCT Override: Shifted by spread (0.0007),N/A,,,
Danly,Inch,Guide Post,5-0517,0.625,"Demountable / Plain Bearing - 4.25"" Length",4.25,0.9998,1.0005,1.0005,1.0012,SCT Override: Shifted by spread (0.0007),N/A,,,
Danly,Inch,Guide Post,5-0518,0.625,"Demountable / Plain Bearing - 4.5"" Length",4.5,0.9998,1.0005,1.0005,1.0012,SCT Override: Shifted by spread (0.0007),N/A,,,
Danly,Inch,Guide Post,5-0519,0.625,"Demountable / Plain Bearing - 4.75"" Length",4.75,0.9998,1.0005,1.0005,1.0012,SCT Override: Shifted by spread (0.0007),N/A,,,
Danly,Inch,Guide Post,5-0520,0.625,"Demountable / Plain Bearing - 5"" Length",5,0.9998,1.0005,1.0005,1.0012,SCT Override: Shifted by spread (0.0007),N/A,,,
Danly,Inch,Guide Post,5-0521,0.625,"Demountable / Plain Bearing - 5.25"" Length",5.25,0.9998,1.0005,1.0005,1.0012,SCT Override: Shifted by spread (0.0007),N/A,,,
Danly,Inch,Guide Post,5-0522,0.625,"Demountable / Plain Bearing - 5.5"" Length",5.5,0.9998,1.0005,1.0005,1.0012,SCT Override: Shifted by spread (0.0007),N/A,,,
Danly,Inch,Guide Post,5-0523,0.625,"Demountable / Plain Bearing - 5.75"" Length",5.75,0.9998,1.0005,1.0005,1.0012,SCT Override: Shifted by spread (0.0007),N/A,,,
Danly,Inch,Guide Post,5-0524,0.625,"Demountable / Plain Bearing - 6"" Length",6,0.9998,1.0005,1.0005,1.0012,SCT Override: Shifted by spread (0.0007),N/A,,,
Danly,Inch,Guide Post,5-0525,0.625,"Demountable / Plain Bearing - 6.25"" Length",6.25,0.9998,1.0005,1.0005,1.0012,SCT Override: Shifted by spread (0.0007),N/A,,,
Danly,Inch,Guide Post,5-0526,0.625,"Demountable / Plain Bearing - 6.5"" Length",6.5,0.9998,1.0005,1.0005,1.0012,SCT Override: Shifted by spread (0.0007),N/A,,,
Danly,Inch,Guide Post,5-0527,0.625,"Demountable / Plain Bearing - 6.75"" Length",6.75,0.9998,1.0005,1.0005,1.0012,SCT Override: Shifted by spread (0.0007),N/A,,,
Danly,Inch,Guide Post,5-0528,0.625,"Demountable / Plain Bearing - 7"" Length",7,0.9998,1.0005,1.0005,1.0012,SCT Override: Shifted by spread (0.0007),N/A,,,
Danly,Inch,Guide Post,5-0529,0.625,"Demountable / Plain Bearing - 7.25"" Length",7.25,0.9998,1.0005,1.0005,1.0012,SCT Override: Shifted by spread (0.0007),N/A,,,
Danly,Inch,Guide Post,5-0530,0.625,"Demountable / Plain Bearing - 7.5"" Length",7.5,0.9998,1.0005,1.0005,1.0012,SCT Override: Shifted by spread (0.0007),N/A,,,
Danly,Inch,Guide Post,5-0531,0.625,"Demountable / Plain Bearing - 7.75"" Length",7.75,0.9998,1.0005,1.0005,1.0012,SCT Override: Shifted by spread (0.0007),N/A,,,
Danly,Inch,Guide Post,5-0532,0.625,"Demountable / Plain Bearing - 8"" Length",8,0.9998,1.0005,1.0005,1.0012,SCT Override: Shifted by spread (0.0007),N/A,,,
Danly,Inch,Guide Post,5-0533,0.625,"Demountable / Plain Bearing - 8.25"" Length",8.25,0.9998,1.0005,1.0005,1.0012,SCT Override: Shifted by spread (0.0007),N/A,,,
Danly,Inch,Guide Post,5-0534,0.625,"Demountable / Plain Bearing - 8.5"" Length",8.5,0.9998,1.0005,1.0005,1.0012,SCT Override: Shifted by spread (0.0007),N/A,,,
Danly,Inch,Guide Post,5-0535,0.625,"Demountable / Plain Bearing - 8.75"" Length",8.75,0.9998,1.0005,1.0005,1.0012,SCT Override: Shifted by spread (0.0007),N/A,,,
Danly,Inch,Guide Post,5-0536,0.625,"Demountable / Plain Bearing - 9"" Length",9,0.9998,1.0005,1.0005,1.0012,SCT Override: Shifted by spread (0.0007),N/A,,,
Danly,Inch,Guide Post,5-0537,0.625,"Demountable / Plain Bearing - 9.25"" Length",9.25,0.9998,1.0005,1.0005,1.0012,SCT Override: Shifted by spread (0.0007),N/A,,,
Danly,Inch,Guide Post,5-0538,0.625,"Demountable / Plain Bearing - 9.5"" Length",9.5,0.9998,1.0005,1.0005,1.0012,SCT Override: Shifted by spread (0.0007),N/A,,,
Danly,Inch,Guide Post,5-0539,0.625,"Demountable / Plain Bearing - 9.75"" Length",9.75,0.9998,1.0005,1.0005,1.0012,SCT Override: Shifted by spread (0.0007),N/A,,,
Danly,Inch,Guide Post,5-0540,0.625,"Demountable / Plain Bearing - 10"" Length",10,0.9998,1.0005,1.0005,1.0012,SCT Override: Shifted by spread (0.0007),N/A,,,
Danly,Inch,Guide Post,5-0541,0.625,"Demountable / Plain Bearing - 10.25"" Length",10.25,0.9998,1.0005,1.0005,1.0012,SCT Override: Shifted by spread (0.0007),N/A,,,
Danly,Inch,Guide Post,5-0542,0.625,"Demountable / Plain Bearing - 10.5"" Length",10.5,0.9998,1.0005,1.0005,1.0012,SCT Override: Shifted by spread (0.0007),N/A,,,
Danly,Inch,Guide Post,5-0543,0.625,"Demountable / Plain Bearing - 10.75"" Length",10.75,0.9998,1.0005,1.0005,1.0012,SCT Override: Shifted by spread (0.0007),N/A,,,
Danly,Inch,Guide Post,5-0544,0.625,"Demountable / Plain Bearing - 11"" Length",11,0.9998,1.0005,1.0005,1.0012,SCT Override: Shifted by spread (0.0007),N/A,,,
Danly,Inch,Guide Post,5-0545,0.625,"Demountable / Plain Bearing - 11.25"" Length",11.25,0.9998,1.0005,1.0005,1.0012,SCT Override: Shifted by spread (0.0007),N/A,,,
Danly,Inch,Guide Post,5-0546,0.625,"Demountable / Plain Bearing - 11.5"" Length",11.5,0.9998,1.0005,1.0005,1.0012,SCT Override: Shifted by spread (0.0007),N/A,,,
Danly,Inch,Guide Post,5-0547,0.625,"Demountable / Plain Bearing - 11.75"" Length",11.75,0.9998,1.0005,1.0005,1.0012,SCT Override: Shifted by spread (0.0007),N/A,,,
Danly,Inch,Guide Post,5-0548,0.625,"Demountable / Plain Bearing - 12"" Length",12,0.9998,1.0005,1.0005,1.0012,SCT Override: Shifted by spread (0.0007),N/A,,,
Danly,Inch,Guide Post,5-0549,0.625,"Demountable / Plain Bearing - 12.25"" Length",12.25,0.9998,1.0005,1.0005,1.0012,SCT Override: Shifted by spread (0.0007),N/A,,,
Danly,Inch,Guide Post,5-0550,0.625,"Demountable / Plain Bearing - 12.5"" Length",12.5,0.9998,1.0005,1.0005,1.0012,SCT Override: Shifted by spread (0.0007),N/A,,,
Danly,Inch,Guide Post,5-0551,0.625,"Demountable / Plain Bearing - 12.75"" Length",12.75,0.9998,1.0005,1.0005,1.0012,SCT Override: Shifted by spread (0.0007),N/A,,,
Danly,Inch,Guide Post,5-0552,0.625,"Demountable / Plain Bearing - 13"" Length",13,0.9998,1.0005,1.0005,1.0012,SCT Override: Shifted by spread (0.0007),N/A,,,
Danly,Inch,Guide Post,5-0553,0.625,"Demountable / Plain Bearing - 13.25"" Length",13.25,0.9998,1.0005,1.0005,1.0012,SCT Override: Shifted by spread (0.0007),N/A,,,
Danly,Inch,Guide Post,5-0554,0.625,"Demountable / Plain Bearing - 13.5"" Length",13.5,0.9998,1.0005,1.0005,1.0012,SCT Override: Shifted by spread (0.0007),N/A,,,
Danly,Inch,Guide Post,5-0555,0.625,"Demountable / Plain Bearing - 13.75"" Length",13.75,0.9998,1.0005,1.0005,1.0012,SCT Override: Shifted by spread (0.0007),N/A,,,
Danly,Inch,Guide Post,5-0556,0.625,"Demountable / Plain Bearing - 14"" Length",14,0.9998,1.0005,1.0005,1.0012,SCT Override: Shifted by spread (0.0007),N/A,,,
Danly,Inch,Guide Post,5-0712,0.875,"Demountable / Plain Bearing - 3"" Length",3,1.3748,1.3755,1.3755,1.3762,SCT Override: Shifted by spread (0.0007),,3,1/4-20 x 3/4,2.126
Danly,Inch,Guide Post,5-0713,0.875,"Demountable / Plain Bearing - 3.25"" Length",3.25,1.3748,1.3755,1.3755,1.3762,SCT Override: Shifted by spread (0.0007),,3,1/4-20 x 3/4,2.126
Danly,Inch,Guide Post,5-0714,0.875,"Demountable / Plain Bearing - 3.5"" Length",3.5,1.3748,1.3755,1.3755,1.3762,SCT Override: Shifted by spread (0.0007),,3,1/4-20 x 3/4,2.126
Danly,Inch,Guide Post,5-0715,0.875,"Demountable / Plain Bearing - 3.75"" Length",3.75,1.3748,1.3755,1.3755,1.3762,SCT Override: Shifted by spread (0.0007),,3,1/4-20 x 3/4,2.126
Danly,Inch,Guide Post,5-0716,0.875,"Demountable / Plain Bearing - 4"" Length",4,1.3748,1.3755,1.3755,1.3762,SCT Override: Shifted by spread (0.0007),,3,1/4-20 x 3/4,2.126
Danly,Inch,Guide Post,5-0717,0.875,"Demountable / Plain Bearing - 4.25"" Length",4.25,1.3748,1.3755,1.3755,1.3762,SCT Override: Shifted by spread (0.0007),,3,1/4-20 x 3/4,2.126
Danly,Inch,Guide Post,5-0718,0.875,"Demountable / Plain Bearing - 4.5"" Length",4.5,1.3748,1.3755,1.3755,1.3762,SCT Override: Shifted by spread (0.0007),,3,1/4-20 x 3/4,2.126
Danly,Inch,Guide Post,5-0719,0.875,"Demountable / Plain Bearing - 4.75"" Length",4.75,1.3748,1.3755,1.3755,1.3762,SCT Override: Shifted by spread (0.0007),,3,1/4-20 x 3/4,2.126
Danly,Inch,Guide Post,5-0720,0.875,"Demountable / Plain Bearing - 5"" Length",5,1.3748,1.3755,1.3755,1.3762,SCT Override: Shifted by spread (0.0007),,3,1/4-20 x 3/4,2.126
Danly,Inch,Guide Post,5-0721,0.875,"Demountable / Plain Bearing - 5.25"" Length",5.25,1.3748,1.3755,1.3755,1.3762,SCT Override: Shifted by spread (0.0007),,3,1/4-20 x 3/4,2.126
Danly,Inch,Guide Post,5-0722,0.875,"Demountable / Plain Bearing - 5.5"" Length",5.5,1.3748,1.3755,1.3755,1.3762,SCT Override: Shifted by spread (0.0007),,3,1/4-20 x 3/4,2.126
Danly,Inch,Guide Post,5-0723,0.875,"Demountable / Plain Bearing - 5.75"" Length",5.75,1.3748,1.3755,1.3755,1.3762,SCT Override: Shifted by spread (0.0007),,3,1/4-20 x 3/4,2.126
Danly,Inch,Guide Post,5-0724,0.875,"Demountable / Plain Bearing - 6"" Length",6,1.3748,1.3755,1.3755,1.3762,SCT Override: Shifted by spread (0.0007),,3,1/4-20 x 3/4,2.126
Danly,Inch,Guide Post,5-0725,0.875,"Demountable / Plain Bearing - 6.25"" Length",6.25,1.3748,1.3755,1.3755,1.3762,SCT Override: Shifted by spread (0.0007),,3,1/4-20 x 3/4,2.126
Danly,Inch,Guide Post,5-0726,0.875,"Demountable / Plain Bearing - 6.5"" Length",6.5,1.3748,1.3755,1.3755,1.3762,SCT Override: Shifted by spread (0.0007),,3,1/4-20 x 3/4,2.126
Danly,Inch,Guide Post,5-0727,0.875,"Demountable / Plain Bearing - 6.75"" Length",6.75,1.3748,1.3755,1.3755,1.3762,SCT Override: Shifted by spread (0.0007),,3,1/4-20 x 3/4,2.126
Danly,Inch,Guide Post,5-0728,0.875,"Demountable / Plain Bearing - 7"" Length",7,1.3748,1.3755,1.3755,1.3762,SCT Override: Shifted by spread (0.0007),,3,1/4-20 x 3/4,2.126
Danly,Inch,Guide Post,5-0729,0.875,"Demountable / Plain Bearing - 7.25"" Length",7.25,1.3748,1.3755,1.3755,1.3762,SCT Override: Shifted by spread (0.0007),,3,1/4-20 x 3/4,2.126
Danly,Inch,Guide Post,5-0730,0.875,"Demountable / Plain Bearing - 7.5"" Length",7.5,1.3748,1.3755,1.3755,1.3762,SCT Override: Shifted by spread (0.0007),,3,1/4-20 x 3/4,2.126
Danly,Inch,Guide Post,5-0731,0.875,"Demountable / Plain Bearing - 7.75"" Length",7.75,1.3748,1.3755,1.3755,1.3762,SCT Override: Shifted by spread (0.0007),,3,1/4-20 x 3/4,2.126
Danly,Inch,Guide Post,5-0732,0.875,"Demountable / Plain Bearing - 8"" Length",8,1.3748,1.3755,1.3755,1.3762,SCT Override: Shifted by spread (0.0007),,3,1/4-20 x 3/4,2.126
Danly,Inch,Guide Post,5-0733,0.875,"Demountable / Plain Bearing - 8.25"" Length",8.25,1.3748,1.3755,1.3755,1.3762,SCT Override: Shifted by spread (0.0007),,3,1/4-20 x 3/4,2.126
Danly,Inch,Guide Post,5-0734,0.875,"Demountable / Plain Bearing - 8.5"" Length",8.5,1.3748,1.3755,1.3755,1.3762,SCT Override: Shifted by spread (0.0007),,3,1/4-20 x 3/4,2.126
Danly,Inch,Guide Post,5-0735,0.875,"Demountable / Plain Bearing - 8.75"" Length",8.75,1.3748,1.3755,1.3755,1.3762,SCT Override: Shifted by spread (0.0007),,3,1/4-20 x 3/4,2.126
Danly,Inch,Guide Post,5-0736,0.875,"Demountable / Plain Bearing - 9"" Length",9,1.3748,1.3755,1.3755,1.3762,SCT Override: Shifted by spread (0.0007),,3,1/4-20 x 3/4,2.126
Danly,Inch,Guide Post,5-0737,0.875,"Demountable / Plain Bearing - 9.25"" Length",9.25,1.3748,1.3755,1.3755,1.3762,SCT Override: Shifted by spread (0.0007),,3,1/4-20 x 3/4,2.126
Danly,Inch,Guide Post,5-0738,0.875,"Demountable / Plain Bearing - 9.5"" Length",9.5,1.3748,1.3755,1.3755,1.3762,SCT Override: Shifted by spread (0.0007),,3,1/4-20 x 3/4,2.126
Danly,Inch,Guide Post,5-0739,0.875,"Demountable / Plain Bearing - 9.75"" Length",9.75,1.3748,1.3755,1.3755,1.3762,SCT Override: Shifted by spread (0.0007),,3,1/4-20 x 3/4,2.126
Danly,Inch,Guide Post,5-0740,0.875,"Demountable / Plain Bearing - 10"" Length",10,1.3748,1.3755,1.3755,1.3762,SCT Override: Shifted by spread (0.0007),,3,1/4-20 x 3/4,2.126
Danly,Inch,Guide Post,5-0741,0.875,"Demountable / Plain Bearing - 10.25"" Length",10.25,1.3748,1.3755,1.3755,1.3762,SCT Override: Shifted by spread (0.0007),,3,1/4-20 x 3/4,2.126
Danly,Inch,Guide Post,5-0742,0.875,"Demountable / Plain Bearing - 10.5"" Length",10.5,1.3748,1.3755,1.3755,1.3762,SCT Override: Shifted by spread (0.0007),,3,1/4-20 x 3/4,2.126
Danly,Inch,Guide Post,5-0743,0.875,"Demountable / Plain Bearing - 10.75"" Length",10.75,1.3748,1.3755,1.3755,1.3762,SCT Override: Shifted by spread (0.0007),,3,1/4-20 x 3/4,2.126
Danly,Inch,Guide Post,5-0744,0.875,"Demountable / Plain Bearing - 11"" Length",11,1.3748,1.3755,1.3755,1.3762,SCT Override: Shifted by spread (0.0007),,3,1/4-20 x 3/4,2.126
Danly,Inch,Guide Post,5-0745,0.875,"Demountable / Plain Bearing - 11.25"" Length",11.25,1.3748,1.3755,1.3755,1.3762,SCT Override: Shifted by spread (0.0007),,3,1/4-20 x 3/4,2.126
Danly,Inch,Guide Post,5-0746,0.875,"Demountable / Plain Bearing - 11.5"" Length",11.5,1.3748,1.3755,1.3755,1.3762,SCT Override: Shifted by spread (0.0007),,3,1/4-20 x 3/4,2.126
Danly,Inch,Guide Post,5-0747,0.875,"Demountable / Plain Bearing - 11.75"" Length",11.75,1.3748,1.3755,1.3755,1.3762,SCT Override: Shifted by spread (0.0007),,3,1/4-20 x 3/4,2.126
Danly,Inch,Guide Post,5-0748,0.875,"Demountable / Plain Bearing - 12"" Length",12,1.3748,1.3755,1.3755,1.3762,SCT Override: Shifted by spread (0.0007),,3,1/4-20 x 3/4,2.126
Danly,Inch,Guide Post,5-0749,0.875,"Demountable / Plain Bearing - 12.25"" Length",12.25,1.3748,1.3755,1.3755,1.3762,SCT Override: Shifted by spread (0.0007),,3,1/4-20 x 3/4,2.126
Danly,Inch,Guide Post,5-0750,0.875,"Demountable / Plain Bearing - 12.5"" Length",12.5,1.3748,1.3755,1.3755,1.3762,SCT Override: Shifted by spread (0.0007),,3,1/4-20 x 3/4,2.126
Danly,Inch,Guide Post,5-0751,0.875,"Demountable / Plain Bearing - 12.75"" Length",12.75,1.3748,1.3755,1.3755,1.3762,SCT Override: Shifted by spread (0.0007),,3,1/4-20 x 3/4,2.126
Danly,Inch,Guide Post,5-0752,0.875,"Demountable / Plain Bearing - 13"" Length",13,1.3748,1.3755,1.3755,1.3762,SCT Override: Shifted by spread (0.0007),,3,1/4-20 x 3/4,2.126
Danly,Inch,Guide Post,5-0753,0.875,"Demountable / Plain Bearing - 13.25"" Length",13.25,1.3748,1.3755,1.3755,1.3762,SCT Override: Shifted by spread (0.0007),,3,1/4-20 x 3/4,2.126
Danly,Inch,Guide Post,5-0754,0.875,"Demountable / Plain Bearing - 13.5"" Length",13.5,1.3748,1.3755,1.3755,1.3762,SCT Override: Shifted by spread (0.0007),,3,1/4-20 x 3/4,2.126
Danly,Inch,Guide Post,5-0755,0.875,"Demountable / Plain Bearing - 13.75"" Length",13.75,1.3748,1.3755,1.3755,1.3762,SCT Override: Shifted by spread (0.0007),,3,1/4-20 x 3/4,2.126
Danly,Inch,Guide Post,5-0756,0.875,"Demountable / Plain Bearing - 14"" Length",14,1.3748,1.3755,1.3755,1.3762,SCT Override: Shifted by spread (0.0007),,3,1/4-20 x 3/4,2.126
Danly,Inch,Guide Post,5-0812,1.000,"Demountable / Plain Bearing - 3"" Length",3,1.4998,1.5005,1.5005,1.5012,SCT Override: Shifted by spread (0.0007),,3,1/4-20 x 3/4,2.25
Danly,Inch,Guide Post,5-0813,1.000,"Demountable / Plain Bearing - 3.25"" Length",3.25,1.4998,1.5005,1.5005,1.5012,SCT Override: Shifted by spread (0.0007),,3,1/4-20 x 3/4,2.25
Danly,Inch,Guide Post,5-0814,1.000,"Demountable / Plain Bearing - 3.5"" Length",3.5,1.4998,1.5005,1.5005,1.5012,SCT Override: Shifted by spread (0.0007),,3,1/4-20 x 3/4,2.25
Danly,Inch,Guide Post,5-0815,1.000,"Demountable / Plain Bearing - 3.75"" Length",3.75,1.4998,1.5005,1.5005,1.5012,SCT Override: Shifted by spread (0.0007),,3,1/4-20 x 3/4,2.25
Danly,Inch,Guide Post,5-0816,1.000,"Demountable / Plain Bearing - 4"" Length",4,1.4998,1.5005,1.5005,1.5012,SCT Override: Shifted by spread (0.0007),,3,1/4-20 x 3/4,2.25
Danly,Inch,Guide Post,5-0817,1.000,"Demountable / Plain Bearing - 4.25"" Length",4.25,1.4998,1.5005,1.5005,1.5012,SCT Override: Shifted by spread (0.0007),,3,1/4-20 x 3/4,2.25
Danly,Inch,Guide Post,5-0818,1.000,"Demountable / Plain Bearing - 4.5"" Length",4.5,1.4998,1.5005,1.5005,1.5012,SCT Override: Shifted by spread (0.0007),,3,1/4-20 x 3/4,2.25
Danly,Inch,Guide Post,5-0819,1.000,"Demountable / Plain Bearing - 4.75"" Length",4.75,1.4998,1.5005,1.5005,1.5012,SCT Override: Shifted by spread (0.0007),,3,1/4-20 x 3/4,2.25
Danly,Inch,Guide Post,5-0820,1.000,"Demountable / Plain Bearing - 5"" Length",5,1.4998,1.5005,1.5005,1.5012,SCT Override: Shifted by spread (0.0007),,3,1/4-20 x 3/4,2.25
Danly,Inch,Guide Post,5-0821,1.000,"Demountable / Plain Bearing - 5.25"" Length",5.25,1.4998,1.5005,1.5005,1.5012,SCT Override: Shifted by spread (0.0007),,3,1/4-20 x 3/4,2.25
Danly,Inch,Guide Post,5-0822,1.000,"Demountable / Plain Bearing - 5.5"" Length",5.5,1.4998,1.5005,1.5005,1.5012,SCT Override: Shifted by spread (0.0007),,3,1/4-20 x 3/4,2.25
Danly,Inch,Guide Post,5-0823,1.000,"Demountable / Plain Bearing - 5.75"" Length",5.75,1.4998,1.5005,1.5005,1.5012,SCT Override: Shifted by spread (0.0007),,3,1/4-20 x 3/4,2.25
Danly,Inch,Guide Post,5-0824,1.000,"Demountable / Plain Bearing - 6"" Length",6,1.4998,1.5005,1.5005,1.5012,SCT Override: Shifted by spread (0.0007),,3,1/4-20 x 3/4,2.25
Danly,Inch,Guide Post,5-0825,1.000,"Demountable / Plain Bearing - 6.25"" Length",6.25,1.4998,1.5005,1.5005,1.5012,SCT Override: Shifted by spread (0.0007),,3,1/4-20 x 3/4,2.25
Danly,Inch,Guide Post,5-0826,1.000,"Demountable / Plain Bearing - 6.5"" Length",6.5,1.4998,1.5005,1.5005,1.5012,SCT Override: Shifted by spread (0.0007),,3,1/4-20 x 3/4,2.25
Danly,Inch,Guide Post,5-0827,1.000,"Demountable / Plain Bearing - 6.75"" Length",6.75,1.4998,1.5005,1.5005,1.5012,SCT Override: Shifted by spread (0.0007),,3,1/4-20 x 3/4,2.25
Danly,Inch,Guide Post,5-0828,1.000,"Demountable / Plain Bearing - 7"" Length",7,1.4998,1.5005,1.5005,1.5012,SCT Override: Shifted by spread (0.0007),,3,1/4-20 x 3/4,2.25
Danly,Inch,Guide Post,5-0829,1.000,"Demountable / Plain Bearing - 7.25"" Length",7.25,1.4998,1.5005,1.5005,1.5012,SCT Override: Shifted by spread (0.0007),,3,1/4-20 x 3/4,2.25
Danly,Inch,Guide Post,5-0830,1.000,"Demountable / Plain Bearing - 7.5"" Length",7.5,1.4998,1.5005,1.5005,1.5012,SCT Override: Shifted by spread (0.0007),,3,1/4-20 x 3/4,2.25
Danly,Inch,Guide Post,5-0831,1.000,"Demountable / Plain Bearing - 7.75"" Length",7.75,1.4998,1.5005,1.5005,1.5012,SCT Override: Shifted by spread (0.0007),,3,1/4-20 x 3/4,2.25
Danly,Inch,Guide Post,5-0832,1.000,"Demountable / Plain Bearing - 8"" Length",8,1.4998,1.5005,1.5005,1.5012,SCT Override: Shifted by spread (0.0007),,3,1/4-20 x 3/4,2.25
Danly,Inch,Guide Post,5-0833,1.000,"Demountable / Plain Bearing - 8.25"" Length",8.25,1.4998,1.5005,1.5005,1.5012,SCT Override: Shifted by spread (0.0007),,3,1/4-20 x 3/4,2.25
Danly,Inch,Guide Post,5-0834,1.000,"Demountable / Plain Bearing - 8.5"" Length",8.5,1.4998,1.5005,1.5005,1.5012,SCT Override: Shifted by spread (0.0007),,3,1/4-20 x 3/4,2.25
Danly,Inch,Guide Post,5-0835,1.000,"Demountable / Plain Bearing - 8.75"" Length",8.75,1.4998,1.5005,1.5005,1.5012,SCT Override: Shifted by spread (0.0007),,3,1/4-20 x 3/4,2.25
Danly,Inch,Guide Post,5-0836,1.000,"Demountable / Plain Bearing - 9"" Length",9,1.4998,1.5005,1.5005,1.5012,SCT Override: Shifted by spread (0.0007),,3,1/4-20 x 3/4,2.25
Danly,Inch,Guide Post,5-0837,1.000,"Demountable / Plain Bearing - 9.25"" Length",9.25,1.4998,1.5005,1.5005,1.5012,SCT Override: Shifted by spread (0.0007),,3,1/4-20 x 3/4,2.25
Danly,Inch,Guide Post,5-0838,1.000,"Demountable / Plain Bearing - 9.5"" Length",9.5,1.4998,1.5005,1.5005,1.5012,SCT Override: Shifted by spread (0.0007),,3,1/4-20 x 3/4,2.25
Danly,Inch,Guide Post,5-0839,1.000,"Demountable / Plain Bearing - 9.75"" Length",9.75,1.4998,1.5005,1.5005,1.5012,SCT Override: Shifted by spread (0.0007),,3,1/4-20 x 3/4,2.25
Danly,Inch,Guide Post,5-0840,1.000,"Demountable / Plain Bearing - 10"" Length",10,1.4998,1.5005,1.5005,1.5012,SCT Override: Shifted by spread (0.0007),,3,1/4-20 x 3/4,2.25
Danly,Inch,Guide Post,5-0841,1.000,"Demountable / Plain Bearing - 10.25"" Length",10.25,1.4998,1.5005,1.5005,1.5012,SCT Override: Shifted by spread (0.0007),,3,1/4-20 x 3/4,2.25
Danly,Inch,Guide Post,5-0842,1.000,"Demountable / Plain Bearing - 10.5"" Length",10.5,1.4998,1.5005,1.5005,1.5012,SCT Override: Shifted by spread (0.0007),,3,1/4-20 x 3/4,2.25
Danly,Inch,Guide Post,5-0843,1.000,"Demountable / Plain Bearing - 10.75"" Length",10.75,1.4998,1.5005,1.5005,1.5012,SCT Override: Shifted by spread (0.0007),,3,1/4-20 x 3/4,2.25
Danly,Inch,Guide Post,5-0844,1.000,"Demountable / Plain Bearing - 11"" Length",11,1.4998,1.5005,1.5005,1.5012,SCT Override: Shifted by spread (0.0007),,3,1/4-20 x 3/4,2.25
Danly,Inch,Guide Post,5-0845,1.000,"Demountable / Plain Bearing - 11.25"" Length",11.25,1.4998,1.5005,1.5005,1.5012,SCT Override: Shifted by spread (0.0007),,3,1/4-20 x 3/4,2.25
Danly,Inch,Guide Post,5-0846,1.000,"Demountable / Plain Bearing - 11.5"" Length",11.5,1.4998,1.5005,1.5005,1.5012,SCT Override: Shifted by spread (0.0007),,3,1/4-20 x 3/4,2.25
Danly,Inch,Guide Post,5-0847,1.000,"Demountable / Plain Bearing - 11.75"" Length",11.75,1.4998,1.5005,1.5005,1.5012,SCT Override: Shifted by spread (0.0007),,3,1/4-20 x 3/4,2.25
Danly,Inch,Guide Post,5-0848,1.000,"Demountable / Plain Bearing - 12"" Length",12,1.4998,1.5005,1.5005,1.5012,SCT Override: Shifted by spread (0.0007),,3,1/4-20 x 3/4,2.25
Danly,Inch,Guide Post,5-0849,1.000,"Demountable / Plain Bearing - 12.25"" Length",12.25,1.4998,1.5005,1.5005,1.5012,SCT Override: Shifted by spread (0.0007),,3,1/4-20 x 3/4,2.25
Danly,Inch,Guide Post,5-0850,1.000,"Demountable / Plain Bearing - 12.5"" Length",12.5,1.4998,1.5005,1.5005,1.5012,SCT Override: Shifted by spread (0.0007),,3,1/4-20 x 3/4,2.25
Danly,Inch,Guide Post,5-0851,1.000,"Demountable / Plain Bearing - 12.75"" Length",12.75,1.4998,1.5005,1.5005,1.5012,SCT Override: Shifted by spread (0.0007),,3,1/4-20 x 3/4,2.25
Danly,Inch,Guide Post,5-0852,1.000,"Demountable / Plain Bearing - 13"" Length",13,1.4998,1.5005,1.5005,1.5012,SCT Override: Shifted by spread (0.0007),,3,1/4-20 x 3/4,2.25
Danly,Inch,Guide Post,5-0853,1.000,"Demountable / Plain Bearing - 13.25"" Length",13.25,1.4998,1.5005,1.5005,1.5012,SCT Override: Shifted by spread (0.0007),,3,1/4-20 x 3/4,2.25
Danly,Inch,Guide Post,5-0854,1.000,"Demountable / Plain Bearing - 13.5"" Length",13.5,1.4998,1.5005,1.5005,1.5012,SCT Override: Shifted by spread (0.0007),,3,1/4-20 x 3/4,2.25
Danly,Inch,Guide Post,5-0855,1.000,"Demountable / Plain Bearing - 13.75"" Length",13.75,1.4998,1.5005,1.5005,1.5012,SCT Override: Shifted by spread (0.0007),,3,1/4-20 x 3/4,2.25
Danly,Inch,Guide Post,5-0856,1.000,"Demountable / Plain Bearing - 14"" Length",14,1.4998,1.5005,1.5005,1.5012,SCT Override: Shifted by spread (0.0007),,3,1/4-20 x 3/4,2.25
Danly,Inch,Guide Post,5-1012,1.250,"Demountable / Plain Bearing - 3"" Length",3,1.7498,1.7505,1.7505,1.7512,SCT Override: Shifted by spread (0.0007),,3,5/16-18 x 7/8,2.782
Danly,Inch,Guide Post,5-1013,1.250,"Demountable / Plain Bearing - 3.25"" Length",3.25,1.7498,1.7505,1.7505,1.7512,SCT Override: Shifted by spread (0.0007),,3,5/16-18 x 7/8,2.782
Danly,Inch,Guide Post,5-1014,1.250,"Demountable / Plain Bearing - 3.5"" Length",3.5,1.7498,1.7505,1.7505,1.7512,SCT Override: Shifted by spread (0.0007),,3,5/16-18 x 7/8,2.782
Danly,Inch,Guide Post,5-1015,1.250,"Demountable / Plain Bearing - 3.75"" Length",3.75,1.7498,1.7505,1.7505,1.7512,SCT Override: Shifted by spread (0.0007),,3,5/16-18 x 7/8,2.782
Danly,Inch,Guide Post,5-1016,1.250,"Demountable / Plain Bearing - 4"" Length",4,1.7498,1.7505,1.7505,1.7512,SCT Override: Shifted by spread (0.0007),,3,5/16-18 x 7/8,2.782
Danly,Inch,Guide Post,5-1017,1.250,"Demountable / Plain Bearing - 4.25"" Length",4.25,1.7498,1.7505,1.7505,1.7512,SCT Override: Shifted by spread (0.0007),,3,5/16-18 x 7/8,2.782
Danly,Inch,Guide Post,5-1018,1.250,"Demountable / Plain Bearing - 4.5"" Length",4.5,1.7498,1.7505,1.7505,1.7512,SCT Override: Shifted by spread (0.0007),,3,5/16-18 x 7/8,2.782
Danly,Inch,Guide Post,5-1019,1.250,"Demountable / Plain Bearing - 4.75"" Length",4.75,1.7498,1.7505,1.7505,1.7512,SCT Override: Shifted by spread (0.0007),,3,5/16-18 x 7/8,2.782
Danly,Inch,Guide Post,5-1020,1.250,"Demountable / Plain Bearing - 5"" Length",5,1.7498,1.7505,1.7505,1.7512,SCT Override: Shifted by spread (0.0007),,3,5/16-18 x 7/8,2.782
Danly,Inch,Guide Post,5-1021,1.250,"Demountable / Plain Bearing - 5.25"" Length",5.25,1.7498,1.7505,1.7505,1.7512,SCT Override: Shifted by spread (0.0007),,3,5/16-18 x 7/8,2.782
Danly,Inch,Guide Post,5-1022,1.250,"Demountable / Plain Bearing - 5.5"" Length",5.5,1.7498,1.7505,1.7505,1.7512,SCT Override: Shifted by spread (0.0007),,3,5/16-18 x 7/8,2.782
Danly,Inch,Guide Post,5-1023,1.250,"Demountable / Plain Bearing - 5.75"" Length",5.75,1.7498,1.7505,1.7505,1.7512,SCT Override: Shifted by spread (0.0007),,3,5/16-18 x 7/8,2.782
Danly,Inch,Guide Post,5-1024,1.250,"Demountable / Plain Bearing - 6"" Length",6,1.7498,1.7505,1.7505,1.7512,SCT Override: Shifted by spread (0.0007),,3,5/16-18 x 7/8,2.782
Danly,Inch,Guide Post,5-1025,1.250,"Demountable / Plain Bearing - 6.25"" Length",6.25,1.7498,1.7505,1.7505,1.7512,SCT Override: Shifted by spread (0.0007),,3,5/16-18 x 7/8,2.782
Danly,Inch,Guide Post,5-1026,1.250,"Demountable / Plain Bearing - 6.5"" Length",6.5,1.7498,1.7505,1.7505,1.7512,SCT Override: Shifted by spread (0.0007),,3,5/16-18 x 7/8,2.782
Danly,Inch,Guide Post,5-1027,1.250,"Demountable / Plain Bearing - 6.75"" Length",6.75,1.7498,1.7505,1.7505,1.7512,SCT Override: Shifted by spread (0.0007),,3,5/16-18 x 7/8,2.782
Danly,Inch,Guide Post,5-1028,1.250,"Demountable / Plain Bearing - 7"" Length",7,1.7498,1.7505,1.7505,1.7512,SCT Override: Shifted by spread (0.0007),,3,5/16-18 x 7/8,2.782
Danly,Inch,Guide Post,5-1029,1.250,"Demountable / Plain Bearing - 7.25"" Length",7.25,1.7498,1.7505,1.7505,1.7512,SCT Override: Shifted by spread (0.0007),,3,5/16-18 x 7/8,2.782
Danly,Inch,Guide Post,5-1030,1.250,"Demountable / Plain Bearing - 7.5"" Length",7.5,1.7498,1.7505,1.7505,1.7512,SCT Override: Shifted by spread (0.0007),,3,5/16-18 x 7/8,2.782
Danly,Inch,Guide Post,5-1031,1.250,"Demountable / Plain Bearing - 7.75"" Length",7.75,1.7498,1.7505,1.7505,1.7512,SCT Override: Shifted by spread (0.0007),,3,5/16-18 x 7/8,2.782
Danly,Inch,Guide Post,5-1032,1.250,"Demountable / Plain Bearing - 8"" Length",8,1.7498,1.7505,1.7505,1.7512,SCT Override: Shifted by spread (0.0007),,3,5/16-18 x 7/8,2.782
Danly,Inch,Guide Post,5-1033,1.250,"Demountable / Plain Bearing - 8.25"" Length",8.25,1.7498,1.7505,1.7505,1.7512,SCT Override: Shifted by spread (0.0007),,3,5/16-18 x 7/8,2.782
Danly,Inch,Guide Post,5-1034,1.250,"Demountable / Plain Bearing - 8.5"" Length",8.5,1.7498,1.7505,1.7505,1.7512,SCT Override: Shifted by spread (0.0007),,3,5/16-18 x 7/8,2.782
Danly,Inch,Guide Post,5-1035,1.250,"Demountable / Plain Bearing - 8.75"" Length",8.75,1.7498,1.7505,1.7505,1.7512,SCT Override: Shifted by spread (0.0007),,3,5/16-18 x 7/8,2.782
Danly,Inch,Guide Post,5-1036,1.250,"Demountable / Plain Bearing - 9"" Length",9,1.7498,1.7505,1.7505,1.7512,SCT Override: Shifted by spread (0.0007),,3,5/16-18 x 7/8,2.782
Danly,Inch,Guide Post,5-1037,1.250,"Demountable / Plain Bearing - 9.25"" Length",9.25,1.7498,1.7505,1.7505,1.7512,SCT Override: Shifted by spread (0.0007),,3,5/16-18 x 7/8,2.782
Danly,Inch,Guide Post,5-1038,1.250,"Demountable / Plain Bearing - 9.5"" Length",9.5,1.7498,1.7505,1.7505,1.7512,SCT Override: Shifted by spread (0.0007),,3,5/16-18 x 7/8,2.782
Danly,Inch,Guide Post,5-1039,1.250,"Demountable / Plain Bearing - 9.75"" Length",9.75,1.7498,1.7505,1.7505,1.7512,SCT Override: Shifted by spread (0.0007),,3,5/16-18 x 7/8,2.782
Danly,Inch,Guide Post,5-1040,1.250,"Demountable / Plain Bearing - 10"" Length",10,1.7498,1.7505,1.7505,1.7512,SCT Override: Shifted by spread (0.0007),,3,5/16-18 x 7/8,2.782
Danly,Inch,Guide Post,5-1041,1.250,"Demountable / Plain Bearing - 10.25"" Length",10.25,1.7498,1.7505,1.7505,1.7512,SCT Override: Shifted by spread (0.0007),,3,5/16-18 x 7/8,2.782
Danly,Inch,Guide Post,5-1042,1.250,"Demountable / Plain Bearing - 10.5"" Length",10.5,1.7498,1.7505,1.7505,1.7512,SCT Override: Shifted by spread (0.0007),,3,5/16-18 x 7/8,2.782
Danly,Inch,Guide Post,5-1043,1.250,"Demountable / Plain Bearing - 10.75"" Length",10.75,1.7498,1.7505,1.7505,1.7512,SCT Override: Shifted by spread (0.0007),,3,5/16-18 x 7/8,2.782
Danly,Inch,Guide Post,5-1044,1.250,"Demountable / Plain Bearing - 11"" Length",11,1.7498,1.7505,1.7505,1.7512,SCT Override: Shifted by spread (0.0007),,3,5/16-18 x 7/8,2.782
Danly,Inch,Guide Post,5-1045,1.250,"Demountable / Plain Bearing - 11.25"" Length",11.25,1.7498,1.7505,1.7505,1.7512,SCT Override: Shifted by spread (0.0007),,3,5/16-18 x 7/8,2.782
Danly,Inch,Guide Post,5-1046,1.250,"Demountable / Plain Bearing - 11.5"" Length",11.5,1.7498,1.7505,1.7505,1.7512,SCT Override: Shifted by spread (0.0007),,3,5/16-18 x 7/8,2.782
Danly,Inch,Guide Post,5-1047,1.250,"Demountable / Plain Bearing - 11.75"" Length",11.75,1.7498,1.7505,1.7505,1.7512,SCT Override: Shifted by spread (0.0007),,3,5/16-18 x 7/8,2.782
Danly,Inch,Guide Post,5-1048,1.250,"Demountable / Plain Bearing - 12"" Length",12,1.7498,1.7505,1.7505,1.7512,SCT Override: Shifted by spread (0.0007),,3,5/16-18 x 7/8,2.782
Danly,Inch,Guide Post,5-1049,1.250,"Demountable / Plain Bearing - 12.25"" Length",12.25,1.7498,1.7505,1.7505,1.7512,SCT Override: Shifted by spread (0.0007),,3,5/16-18 x 7/8,2.782
Danly,Inch,Guide Post,5-1050,1.250,"Demountable / Plain Bearing - 12.5"" Length",12.5,1.7498,1.7505,1.7505,1.7512,SCT Override: Shifted by spread (0.0007),,3,5/16-18 x 7/8,2.782
Danly,Inch,Guide Post,5-1051,1.250,"Demountable / Plain Bearing - 12.75"" Length",12.75,1.7498,1.7505,1.7505,1.7512,SCT Override: Shifted by spread (0.0007),,3,5/16-18 x 7/8,2.782
Danly,Inch,Guide Post,5-1052,1.250,"Demountable / Plain Bearing - 13"" Length",13,1.7498,1.7505,1.7505,1.7512,SCT Override: Shifted by spread (0.0007),,3,5/16-18 x 7/8,2.782
Danly,Inch,Guide Post,5-1053,1.250,"Demountable / Plain Bearing - 13.25"" Length",13.25,1.7498,1.7505,1.7505,1.7512,SCT Override: Shifted by spread (0.0007),,3,5/16-18 x 7/8,2.782
Danly,Inch,Guide Post,5-1054,1.250,"Demountable / Plain Bearing - 13.5"" Length",13.5,1.7498,1.7505,1.7505,1.7512,SCT Override: Shifted by spread (0.0007),,3,5/16-18 x 7/8,2.782
Danly,Inch,Guide Post,5-1055,1.250,"Demountable / Plain Bearing - 13.75"" Length",13.75,1.7498,1.7505,1.7505,1.7512,SCT Override: Shifted by spread (0.0007),,3,5/16-18 x 7/8,2.782
Danly,Inch,Guide Post,5-1056,1.250,"Demountable / Plain Bearing - 14"" Length",14,1.7498,1.7505,1.7505,1.7512,SCT Override: Shifted by spread (0.0007),,3,5/16-18 x 7/8,2.782
Danly,Inch,Guide Post,5-1212,1.500,"Demountable / Plain Bearing - 3"" Length",3,1.9998,2.0005,2.0005,2.0012,SCT Override: Shifted by spread (0.0007),,3,5/16-18 x 7/8,3.062
Danly,Inch,Guide Post,5-1213,1.500,"Demountable / Plain Bearing - 3.25"" Length",3.25,1.9998,2.0005,2.0005,2.0012,SCT Override: Shifted by spread (0.0007),,3,5/16-18 x 7/8,3.062
Danly,Inch,Guide Post,5-1214,1.500,"Demountable / Plain Bearing - 3.5"" Length",3.5,1.9998,2.0005,2.0005,2.0012,SCT Override: Shifted by spread (0.0007),,3,5/16-18 x 7/8,3.062
Danly,Inch,Guide Post,5-1215,1.500,"Demountable / Plain Bearing - 3.75"" Length",3.75,1.9998,2.0005,2.0005,2.0012,SCT Override: Shifted by spread (0.0007),,3,5/16-18 x 7/8,3.062
Danly,Inch,Guide Post,5-1216,1.500,"Demountable / Plain Bearing - 4"" Length",4,1.9998,2.0005,2.0005,2.0012,SCT Override: Shifted by spread (0.0007),,3,5/16-18 x 7/8,3.062
Danly,Inch,Guide Post,5-1217,1.500,"Demountable / Plain Bearing - 4.25"" Length",4.25,1.9998,2.0005,2.0005,2.0012,SCT Override: Shifted by spread (0.0007),,3,5/16-18 x 7/8,3.062
Danly,Inch,Guide Post,5-1218,1.500,"Demountable / Plain Bearing - 4.5"" Length",4.5,1.9998,2.0005,2.0005,2.0012,SCT Override: Shifted by spread (0.0007),,3,5/16-18 x 7/8,3.062
Danly,Inch,Guide Post,5-1219,1.500,"Demountable / Plain Bearing - 4.75"" Length",4.75,1.9998,2.0005,2.0005,2.0012,SCT Override: Shifted by spread (0.0007),,3,5/16-18 x 7/8,3.062
Danly,Inch,Guide Post,5-1220,1.500,"Demountable / Plain Bearing - 5"" Length",5,1.9998,2.0005,2.0005,2.0012,SCT Override: Shifted by spread (0.0007),,3,5/16-18 x 7/8,3.062
Danly,Inch,Guide Post,5-1221,1.500,"Demountable / Plain Bearing - 5.25"" Length",5.25,1.9998,2.0005,2.0005,2.0012,SCT Override: Shifted by spread (0.0007),,3,5/16-18 x 7/8,3.062
Danly,Inch,Guide Post,5-1222,1.500,"Demountable / Plain Bearing - 5.5"" Length",5.5,1.9998,2.0005,2.0005,2.0012,SCT Override: Shifted by spread (0.0007),,3,5/16-18 x 7/8,3.062
Danly,Inch,Guide Post,5-1223,1.500,"Demountable / Plain Bearing - 5.75"" Length",5.75,1.9998,2.0005,2.0005,2.0012,SCT Override: Shifted by spread (0.0007),,3,5/16-18 x 7/8,3.062
Danly,Inch,Guide Post,5-1224,1.500,"Demountable / Plain Bearing - 6"" Length",6,1.9998,2.0005,2.0005,2.0012,SCT Override: Shifted by spread (0.0007),,3,5/16-18 x 7/8,3.062
Danly,Inch,Guide Post,5-1225,1.500,"Demountable / Plain Bearing - 6.25"" Length",6.25,1.9998,2.0005,2.0005,2.0012,SCT Override: Shifted by spread (0.0007),,3,5/16-18 x 7/8,3.062
Danly,Inch,Guide Post,5-1226,1.500,"Demountable / Plain Bearing - 6.5"" Length",6.5,1.9998,2.0005,2.0005,2.0012,SCT Override: Shifted by spread (0.0007),,3,5/16-18 x 7/8,3.062
Danly,Inch,Guide Post,5-1227,1.500,"Demountable / Plain Bearing - 6.75"" Length",6.75,1.9998,2.0005,2.0005,2.0012,SCT Override: Shifted by spread (0.0007),,3,5/16-18 x 7/8,3.062
Danly,Inch,Guide Post,5-1228,1.500,"Demountable / Plain Bearing - 7"" Length",7,1.9998,2.0005,2.0005,2.0012,SCT Override: Shifted by spread (0.0007),,3,5/16-18 x 7/8,3.062
Danly,Inch,Guide Post,5-1229,1.500,"Demountable / Plain Bearing - 7.25"" Length",7.25,1.9998,2.0005,2.0005,2.0012,SCT Override: Shifted by spread (0.0007),,3,5/16-18 x 7/8,3.062
Danly,Inch,Guide Post,5-1230,1.500,"Demountable / Plain Bearing - 7.5"" Length",7.5,1.9998,2.0005,2.0005,2.0012,SCT Override: Shifted by spread (0.0007),,3,5/16-18 x 7/8,3.062
Danly,Inch,Guide Post,5-1231,1.500,"Demountable / Plain Bearing - 7.75"" Length",7.75,1.9998,2.0005,2.0005,2.0012,SCT Override: Shifted by spread (0.0007),,3,5/16-18 x 7/8,3.062
Danly,Inch,Guide Post,5-1232,1.500,"Demountable / Plain Bearing - 8"" Length",8,1.9998,2.0005,2.0005,2.0012,SCT Override: Shifted by spread (0.0007),,3,5/16-18 x 7/8,3.062
Danly,Inch,Guide Post,5-1233,1.500,"Demountable / Plain Bearing - 8.25"" Length",8.25,1.9998,2.0005,2.0005,2.0012,SCT Override: Shifted by spread (0.0007),,3,5/16-18 x 7/8,3.062
Danly,Inch,Guide Post,5-1234,1.500,"Demountable / Plain Bearing - 8.5"" Length",8.5,1.9998,2.0005,2.0005,2.0012,SCT Override: Shifted by spread (0.0007),,3,5/16-18 x 7/8,3.062
Danly,Inch,Guide Post,5-1235,1.500,"Demountable / Plain Bearing - 8.75"" Length",8.75,1.9998,2.0005,2.0005,2.0012,SCT Override: Shifted by spread (0.0007),,3,5/16-18 x 7/8,3.062
Danly,Inch,Guide Post,5-1236,1.500,"Demountable / Plain Bearing - 9"" Length",9,1.9998,2.0005,2.0005,2.0012,SCT Override: Shifted by spread (0.0007),,3,5/16-18 x 7/8,3.062
Danly,Inch,Guide Post,5-1237,1.500,"Demountable / Plain Bearing - 9.25"" Length",9.25,1.9998,2.0005,2.0005,2.0012,SCT Override: Shifted by spread (0.0007),,3,5/16-18 x 7/8,3.062
Danly,Inch,Guide Post,5-1238,1.500,"Demountable / Plain Bearing - 9.5"" Length",9.5,1.9998,2.0005,2.0005,2.0012,SCT Override: Shifted by spread (0.0007),,3,5/16-18 x 7/8,3.062
Danly,Inch,Guide Post,5-1239,1.500,"Demountable / Plain Bearing - 9.75"" Length",9.75,1.9998,2.0005,2.0005,2.0012,SCT Override: Shifted by spread (0.0007),,3,5/16-18 x 7/8,3.062
Danly,Inch,Guide Post,5-1240,1.500,"Demountable / Plain Bearing - 10"" Length",10,1.9998,2.0005,2.0005,2.0012,SCT Override: Shifted by spread (0.0007),,3,5/16-18 x 7/8,3.062
Danly,Inch,Guide Post,5-1241,1.500,"Demountable / Plain Bearing - 10.25"" Length",10.25,1.9998,2.0005,2.0005,2.0012,SCT Override: Shifted by spread (0.0007),,3,5/16-18 x 7/8,3.062
Danly,Inch,Guide Post,5-1242,1.500,"Demountable / Plain Bearing - 10.5"" Length",10.5,1.9998,2.0005,2.0005,2.0012,SCT Override: Shifted by spread (0.0007),,3,5/16-18 x 7/8,3.062
Danly,Inch,Guide Post,5-1243,1.500,"Demountable / Plain Bearing - 10.75"" Length",10.75,1.9998,2.0005,2.0005,2.0012,SCT Override: Shifted by spread (0.0007),,3,5/16-18 x 7/8,3.062
Danly,Inch,Guide Post,5-1244,1.500,"Demountable / Plain Bearing - 11"" Length",11,1.9998,2.0005,2.0005,2.0012,SCT Override: Shifted by spread (0.0007),,3,5/16-18 x 7/8,3.062
Danly,Inch,Guide Post,5-1245,1.500,"Demountable / Plain Bearing - 11.25"" Length",11.25,1.9998,2.0005,2.0005,2.0012,SCT Override: Shifted by spread (0.0007),,3,5/16-18 x 7/8,3.062
Danly,Inch,Guide Post,5-1246,1.500,"Demountable / Plain Bearing - 11.5"" Length",11.5,1.9998,2.0005,2.0005,2.0012,SCT Override: Shifted by spread (0.0007),,3,5/16-18 x 7/8,3.062
Danly,Inch,Guide Post,5-1247,1.500,"Demountable / Plain Bearing - 11.75"" Length",11.75,1.9998,2.0005,2.0005,2.0012,SCT Override: Shifted by spread (0.0007),,3,5/16-18 x 7/8,3.062
Danly,Inch,Guide Post,5-1248,1.500,"Demountable / Plain Bearing - 12"" Length",12,1.9998,2.0005,2.0005,2.0012,SCT Override: Shifted by spread (0.0007),,3,5/16-18 x 7/8,3.062
Danly,Inch,Guide Post,5-1249,1.500,"Demountable / Plain Bearing - 12.25"" Length",12.25,1.9998,2.0005,2.0005,2.0012,SCT Override: Shifted by spread (0.0007),,3,5/16-18 x 7/8,3.062
Danly,Inch,Guide Post,5-1250,1.500,"Demountable / Plain Bearing - 12.5"" Length",12.5,1.9998,2.0005,2.0005,2.0012,SCT Override: Shifted by spread (0.0007),,3,5/16-18 x 7/8,3.062
Danly,Inch,Guide Post,5-1251,1.500,"Demountable / Plain Bearing - 12.75"" Length",12.75,1.9998,2.0005,2.0005,2.0012,SCT Override: Shifted by spread (0.0007),,3,5/16-18 x 7/8,3.062
Danly,Inch,Guide Post,5-1252,1.500,"Demountable / Plain Bearing - 13"" Length",13,1.9998,2.0005,2.0005,2.0012,SCT Override: Shifted by spread (0.0007),,3,5/16-18 x 7/8,3.062
Danly,Inch,Guide Post,5-1253,1.500,"Demountable / Plain Bearing - 13.25"" Length",13.25,1.9998,2.0005,2.0005,2.0012,SCT Override: Shifted by spread (0.0007),,3,5/16-18 x 7/8,3.062
Danly,Inch,Guide Post,5-1254,1.500,"Demountable / Plain Bearing - 13.5"" Length",13.5,1.9998,2.0005,2.0005,2.0012,SCT Override: Shifted by spread (0.0007),,3,5/16-18 x 7/8,3.062
Danly,Inch,Guide Post,5-1255,1.500,"Demountable / Plain Bearing - 13.75"" Length",13.75,1.9998,2.0005,2.0005,2.0012,SCT Override: Shifted by spread (0.0007),,3,5/16-18 x 7/8,3.062
Danly,Inch,Guide Post,5-1256,1.500,"Demountable / Plain Bearing - 14"" Length",14,1.9998,2.0005,2.0005,2.0012,SCT Override: Shifted by spread (0.0007),,3,5/16-18 x 7/8,3.062
Superior,Die Set Components,Steel/Bronze Bushing (Shoulder),"311, 312, 313",1.000 (ID),Demountable / Plain Bearing,,1.5,1.5005,1.5005,1.501,SCT Override: Shifted by spread (0.0005),C-S,2,5/16-18 x 3/4,
Superior,Die Set Components,Ball Bearing Bushing,336,1.000 (ID),Demountable / Ball Bearing,,1.716,1.7165,1.716,1.7165,No shift for Ball Bearing,C-S,2,5/16-18 x 3/4,
Anchor Lamina,Round Die Products,Wring Fit Bushing (Shoulder),"AC, SC, LAC, XLAC",1.000 (ID),Demountable / Plain Bearing,,1.5,1.5005,1.5005,1.501,SCT Override: Shifted by spread (0.0005),D-Clamp,3,,2.156
MDL,Components,Plain Bearing Bushing (Shoulder),"B16, B26",1.000 (ID),Danly Style / Plain Bearing,,1.5003,1.5009,1.5009,1.5015,SCT Override: Shifted by spread (0.0006),B01.006.001,,,2.125
Steinel,Normalien,Guide Bushing (Gliding),ST 7100 Series,25mm (ID),Bronzed Plated / Solid Lubricant,,40,40.025,,,,ST 7367,3,M6,54
Steinel,Normalien,Guide Pillar (Smooth),ST 7105.25.100,25mm (OD),Steel / Superfinished - 100mm Length,100mm,24.978,24.991,,,,ST 7367,3,M6,39
Steinel,Normalien,Guide Pillar (Smooth),ST 7105.25.120,25mm (OD),Steel / Superfinished - 120mm Length,120mm,24.978,24.991,,,,ST 7367,3,M6,39
Steinel,Normalien,Guide Pillar (Smooth),ST 7105.25.130,25mm (OD),Steel / Superfinished - 130mm Length,130mm,24.978,24.991,,,,ST 7367,3,M6,39
Steinel,Normalien,Guide Pillar (Smooth),ST 7105.25.140,25mm (OD),Steel / Superfinished - 140mm Length,140mm,24.978,24.991,,,,ST 7367,3,M6,39
Steinel,Normalien,Guide Pillar (Smooth),ST 7105.25.160,25mm (OD),Steel / Superfinished - 160mm Length,160mm,24.978,24.991,,,,ST 7367,3,M6,39
Steinel,Normalien,Guide Pillar (Smooth),ST 7105.25.180,25mm (OD),Steel / Superfinished - 180mm Length,180mm,24.978,24.991,,,,ST 7367,3,M6,39
Steinel,Normalien,Guide Pillar (Smooth),ST 7105.25.200,25mm (OD),Steel / Superfinished - 200mm Length,200mm,24.978,24.991,,,,ST 7367,3,M6,39
Steinel,Normalien,Guide Pillar (Smooth),ST 7105.25.240,25mm (OD),Steel / Superfinished - 240mm Length,240mm,24.978,24.991,,,,ST 7367,3,M6,39